phase,epoch,split,loss,general_f1,class_0_f1,class_1_f1,precision,recall,specificity,mcc,tn,fp,fn,tp,pr_auc,roc_auc,learning_rate
epoch,1,train,0.7732075461591491,0.6847522258758545,0.7671552896499634,0.5120779871940613,0.6024952444892022,0.44525758703382123,0.8263345717637857,0.29405755702406117,33807,7105,13417,10769,0.6251090559179651,0.6710769238101623,0.0003
epoch,1,val,0.7590723037719727,0.7499077320098877,0.8297747373580933,0.5288528203964233,0.7189666036546944,0.4182551319648094,0.9174226995000926,0.39988784109499675,4955,446,1587,1141,0.5934474058184654,0.681290725731794,0.0003
epoch,2,train,0.7354246007868933,0.725398600101471,0.8048343658447266,0.5369151830673218,0.718854051054384,0.42847101629041595,0.900933711380524,0.38334336294359805,36859,4053,13823,10363,0.6672175746614355,0.700436762641995,0.00029700099999999997
epoch,2,val,0.7434772253036499,0.7540903091430664,0.8311797976493835,0.5474303960800171,0.7158081705150977,0.4431818181818182,0.9111275689687095,0.41236725514146894,4921,480,1519,1209,0.6073859259634359,0.6752849274137895,0.00029700099999999997
epoch,3,train,0.6987681247824826,0.7329410910606384,0.8011165261268616,0.5936470031738281,0.6828520729149863,0.5250558174150335,0.8558369182635901,0.4074341971395469,35014,5898,11487,12699,0.712595549975189,0.7554168674352117,0.00029400199999999997
epoch,3,val,0.7667282819747925,0.6395620703697205,0.7273911237716675,0.43853870034217834,0.46369518332135157,0.47287390029325516,0.723754860211072,0.1956918136715258,3909,1492,1438,1290,0.5812234661300298,0.628620521289367,0.00029400199999999997
epoch,4,train,0.6743237223467018,0.7464284896850586,0.810684323310852,0.6161430478096008,0.7040442153371951,0.547754899528653,0.8638785686351192,0.4387746194143922,35343,5569,10938,13248,0.7345220430011166,0.7785795913860256,0.00029100299999999996
epoch,4,val,0.7262483835220337,0.7560585737228394,0.8331791162490845,0.546328067779541,0.7267194157029824,0.437683284457478,0.9168672468061471,0.4168983326554099,4952,449,1534,1194,0.6300442371423487,0.683150311308702,0.00029100299999999996
epoch,5,train,0.6566163775668976,0.7581953406333923,0.8203471899032593,0.6302933692932129,0.7295959980425208,0.5547837591995369,0.8784464215877982,0.46497802091336315,35939,4973,10768,13418,0.7484458712898324,0.7899515544267619,0.00028800399999999996
epoch,5,val,0.7092635631561279,0.7638086080551147,0.8421831130981445,0.5307917594909668,0.7961876832844574,0.3980938416422287,0.9485280503610443,0.4380000645350992,5123,278,1642,1086,0.6540022096607216,0.7037398309534294,0.00028800399999999996
epoch,6,train,0.6425657091035304,0.7671664357185364,0.8273041248321533,0.6427679061889648,0.747464781011895,0.5637972380716116,0.8873924520922957,0.4854454632761963,36305,4607,10550,13636,0.7613236968570753,0.7995018794547253,0.00028500499999999996
epoch,6,val,0.8665723204612732,0.4386534094810486,0.4203326106071472,0.5089752078056335,0.3687849851827461,0.8211143695014663,0.2901314571375671,0.12086475950762444,1567,3834,488,2240,0.6402297010485585,0.6996838860621553,0.00028500499999999996
epoch,7,train,0.6343666938950447,0.7718824148178101,0.8315218687057495,0.6468825936317444,0.7612491605104097,0.5623914661374348,0.8957274149393821,0.49606504555554826,36646,4266,10584,13602,0.7669680957778047,0.8035660756386732,0.00028200599999999996
epoch,7,val,0.7073318958282471,0.7430188059806824,0.8201153874397278,0.5502691268920898,0.6666666666666666,0.46847507331378296,0.8816885761895945,0.389496492968119,4762,639,1450,1278,0.6543290417398351,0.6935202208128071,0.00028200599999999996
epoch,8,train,0.631678849165797,0.7741405367851257,0.8337535858154297,0.6478745341300964,0.7698787637315726,0.5592491524022162,0.9011781384434885,0.5012052105944036,36869,4043,10660,13526,0.7695840565277203,0.8053656216329379,0.00027900699999999995
epoch,8,val,0.7006556987762451,0.7710665464401245,0.8474715352058411,0.5412866473197937,0.8261851015801355,0.40249266862170086,0.9572301425661914,0.45931465624742096,5170,231,1630,1098,0.6521346476544314,0.6979366602035791,0.00027900699999999995
epoch,9,train,0.6283250007494662,0.7731112837791443,0.8329260945320129,0.646583080291748,0.7674088378961718,0.558628958901844,0.8999071177160736,0.49881592710716405,36817,4095,10675,13511,0.7713781139254512,0.8065544203343783,0.00027600799999999995
epoch,9,val,0.7140349745750427,0.7676221132278442,0.8441033363342285,0.5438299775123596,0.7968860580325549,0.41275659824046923,0.9468616922792076,0.44809966498404086,5114,287,1602,1126,0.6400985658290499,0.6871693006779998,0.00027600799999999995
epoch,10,train,0.6209056388101648,0.7783495783805847,0.8371316194534302,0.6531740427017212,0.7800999023942126,0.5617712726370627,0.9063844348846304,0.5110205306007737,37082,3830,10599,13587,0.7768436732584044,0.8105746901878387,0.00027300899999999995
epoch,10,val,0.6900907754898071,0.7684832215309143,0.843035876750946,0.5590440630912781,0.7746753246753246,0.437316715542522,0.9357526384002962,0.449550756166249,5054,347,1535,1193,0.6585377942695613,0.6999568614696637,0.00027300899999999995
epoch,11,train,0.614955145442808,0.7817137241363525,0.8404088020324707,0.654728353023529,0.7939304655274013,0.5570578020342347,0.9145238560813453,0.5190682395049929,37415,3497,10713,13473,0.7807061939072947,0.8129759324173906,0.00027000999999999994
epoch,11,val,0.7038070559501648,0.7852134108543396,0.8563199639320374,0.574768602848053,0.8563134978229318,0.43255131964809385,0.9633401221995926,0.498226384158081,5203,198,1548,1180,0.6586241451874093,0.7090202286857925,0.00027000999999999994
epoch,12,train,0.6111016775671329,0.7825125455856323,0.8404624462127686,0.658448338508606,0.7903973126375535,0.5642520466385512,0.9115418459131795,0.5208001541490531,37293,3619,10539,13647,0.7851783784715753,0.8180019045260333,0.00026701099999999994
epoch,12,val,0.7084671854972839,0.7031615376472473,0.7811734676361084,0.5387115478515625,0.5629244906112665,0.5164956011730205,0.7974449176078504,0.3211266542595066,4307,1094,1319,1409,0.6618198341404755,0.6999881497995647,0.00026701099999999994
epoch,13,train,0.6073356347236352,0.7825586199760437,0.8404800891876221,0.6585948467254639,0.7903328509406657,0.5645001240387001,0.9114685177942902,0.5209047101435667,37290,3622,10533,13653,0.7875595637046533,0.8195108919674504,0.00026401199999999994
epoch,13,val,0.7368355989456177,0.7550744414329529,0.8305964469909668,0.5580466389656067,0.7073719752391672,0.4607771260997067,0.9037215330494353,0.4164436536396779,4881,520,1471,1257,0.6535928494370408,0.6984566165926697,0.00026401199999999994
epoch,14,train,0.6061821200191535,0.7821285128593445,0.8396259546279907,0.6603606343269348,0.7846127582086155,0.5700818655420491,0.9074843566679702,0.5198247630906717,37127,3785,10398,13788,0.7886104811523703,0.8208263089607879,0.00026101299999999994
epoch,14,val,0.6838698983192444,0.7843523025512695,0.8558743596076965,0.5719169974327087,0.8566203365032918,0.42925219941348974,0.9637104239955564,0.4961222168438059,5205,196,1557,1171,0.6711038040504443,0.7119712068635058,0.00026101299999999994
epoch,15,train,0.6023161367204324,0.7866601347923279,0.8437162637710571,0.6639891862869263,0.8003032777324157,0.5673530141404118,0.9163081736409855,0.5305958455118568,37488,3424,10464,13722,0.790473957261011,0.8217710818129578,0.00025801399999999993
epoch,15,val,0.704685628414154,0.7656538486480713,0.8405991196632385,0.5576967597007751,0.7606079797340088,0.4402492668621701,0.9300129605628588,0.4419335430659737,5023,378,1527,1201,0.6477994655057117,0.699047361979779,0.00025801399999999993
epoch,16,train,0.5991207661587717,0.7867369055747986,0.8436686992645264,0.6645889282226562,0.799418773612322,0.5686760936078723,0.9156482205709816,0.5307381329392715,37461,3451,10432,13754,0.7933406851970298,0.824592454911504,0.00025501499999999993
epoch,16,val,0.6769102811813354,0.785090446472168,0.8559412956237793,0.5770999789237976,0.849607982893799,0.436950146627566,0.9609331605258286,0.49717321562603817,5190,211,1536,1192,0.6722886878043192,0.7177626360058228,0.00025501499999999993
epoch,17,train,0.5968019049056332,0.787750780582428,0.8446183800697327,0.665229082107544,0.8034178030081348,0.5676010915405607,0.9178969495502542,0.5332017620440177,37553,3359,10458,13728,0.7945639766681236,0.8251831546576152,0.0002520159999999999
epoch,17,val,0.6865415573120117,0.7767252922058105,0.8491397500038147,0.5706174373626709,0.8045363575717145,0.44208211143695014,0.9457507868913164,0.4722221310830375,5108,293,1522,1206,0.6688397792749373,0.7095335676949147,0.0002520159999999999
epoch,18,train,0.5942742845935962,0.7878429293632507,0.8446229696273804,0.6656661033630371,0.802955089645506,0.5684693624410816,0.9175303089558076,0.5333913091285286,37538,3374,10437,13749,0.7964517279633658,0.8279388813130582,0.0002490169999999999
epoch,18,val,0.6926459670066833,0.7738959193229675,0.8469353914260864,0.5675294399261475,0.7923784494086727,0.44208211143695014,0.9414923162377338,0.46430080615306174,5085,316,1522,1206,0.6681532637982628,0.7088938876313227,0.0002490169999999999
epoch,19,train,0.5938396098426285,0.7844787836074829,0.8403649926185608,0.6683842539787292,0.7802118971415959,0.5845943934507566,0.9026447008212749,0.5253012410411942,36929,3983,10047,14139,0.7979816164758513,0.8290670932095773,0.0002460179999999999
epoch,19,val,0.6875288486480713,0.7611021995544434,0.8344698548316956,0.5709235668182373,0.7185761957730812,0.4736070381231672,0.9063136456211812,0.43223627255113484,4895,506,1436,1292,0.679849088840682,0.7247269363607587,0.0002460179999999999
epoch,20,train,0.5899194398148933,0.7859073877334595,0.8417274951934814,0.6692612767219543,0.7854397593716927,0.5830232365831473,0.9058466953461087,0.5285844353916093,37060,3852,10085,14101,0.8002547569481706,0.8313222168479126,0.00024301899999999992
epoch,20,val,0.692696750164032,0.7770943641662598,0.8492763042449951,0.5722379684448242,0.8037135278514589,0.4442815249266862,0.9451953341973709,0.4731277988443375,5105,296,1516,1212,0.6672974792185397,0.7219439717636736,0.00024301899999999992
epoch,21,train,0.5852414688255628,0.7837567925453186,0.8383570313453674,0.6734556555747986,0.767108809385404,0.6001819234267758,0.8922809933515838,0.5240617537777624,36505,4407,9670,14516,0.8046268155193108,0.8369306749386944,0.00024001999999999991
epoch,21,val,0.6797369122505188,0.7083281874656677,0.7818164825439453,0.5601929426193237,0.5670296657904619,0.5535190615835777,0.7865210146269209,0.34211252913386997,4248,1153,1218,1510,0.6887983148027143,0.7457768559748629,0.00024001999999999991
epoch,22,train,0.5787557205491921,0.7811300158500671,0.832766056060791,0.683363676071167,0.7387564866423217,0.635698337881419,0.8671050058662495,0.5209732209904676,35475,5437,8811,15375,0.810685274507608,0.8440740922359276,0.0002370209999999999
epoch,22,val,0.6466965675354004,0.7793086767196655,0.8485308885574341,0.5935659408569336,0.7769869513641756,0.4802052785923754,0.9303832623588224,0.4781820233847216,5025,376,1418,1310,0.7295730240660523,0.8064523934147092,0.0002370209999999999
epoch,23,train,0.5554302702664743,0.7799778580665588,0.8217357397079468,0.7126722931861877,0.6921638156100222,0.7344331431406599,0.806902620258115,0.5352780870294805,33012,7900,6423,17763,0.8282392308178442,0.8652826417274337,0.0002340219999999999
epoch,23,val,0.6110725402832031,0.743510901927948,0.7828803658485413,0.6867017149925232,0.581869111280876,0.8376099706744868,0.6959822255137937,0.5042086202261671,3759,1642,443,2285,0.7793138489345872,0.859370902314712,0.0002340219999999999
epoch,24,train,0.5236573959890689,0.7968754768371582,0.8317834138870239,0.7436856627464294,0.7000328431193665,0.7931447945092203,0.7990809542432538,0.5796338449908864,32692,8220,5003,19183,0.8469957839927175,0.8856325347931707,0.0002310229999999999
epoch,24,val,0.5720456838607788,0.8270390033721924,0.8779513835906982,0.7032502889633179,0.8288557213930349,0.6107038123167156,0.9363080910942418,0.5987117663890952,5057,344,1062,1666,0.8160929489248239,0.8828377266401737,0.0002310229999999999
epoch,25,train,0.5072852429725614,0.8062766790390015,0.8396301865577698,0.7554064393043518,0.7114309721258174,0.8051765484164393,0.8069270629644114,0.5991788822854859,33013,7899,4712,19474,0.8563890196929689,0.8939261226044045,0.0002280239999999999
epoch,25,val,0.8009318113327026,0.5112559795379639,0.42727404832839966,0.5737581849098206,0.4055816775367814,0.9802052785923754,0.27439363080910945,0.3070991857127649,1482,3919,54,2674,0.8192270292955799,0.8842892404523763,0.0002280239999999999
epoch,26,train,0.4985048239881342,0.8100863099098206,0.8425636887550354,0.7607269287109375,0.7150966051741077,0.8125775241875465,0.8086136096988659,0.6077430850700621,33082,7830,4533,19653,0.861188314267923,0.8983892399047197,0.0002250249999999999
epoch,26,val,0.5789470672607422,0.8210111856460571,0.8737527132034302,0.6925839781761169,0.8174563591022443,0.6008064516129032,0.932234771338641,0.5839091607488475,5035,366,1089,1639,0.8147314899826681,0.8855395519782641,0.0002250249999999999
epoch,27,train,0.49226323563870983,0.8127745985984802,0.8451255559921265,0.7633398175239563,0.7196309584828293,0.812701562887621,0.8128177551818537,0.6124935046225584,33254,7658,4530,19656,0.864515774220118,0.9008845131829482,0.0002220259999999999
epoch,27,val,0.6115836501121521,0.7150940895080566,0.7421509623527527,0.6816932559013367,0.5452946350043976,0.9090909090909091,0.6171079429735234,0.5004915844809228,3333,2068,248,2480,0.8125953573485989,0.8816166673272734,0.0002220259999999999
epoch,28,train,0.489414675976779,0.8144950866699219,0.8462048172950745,0.7663131952285767,0.7202619134230629,0.8186554204911932,0.8120355885803676,0.6170161484547134,33222,7690,4386,19800,0.8656403663182334,0.9024927772641703,0.0002190269999999999
epoch,28,val,0.529791533946991,0.8310985565185547,0.8744398951530457,0.7420627474784851,0.7610789980732178,0.7239736070381232,0.8852064432512498,0.617044784097932,4781,620,753,1975,0.8192035086899306,0.8876895896328528,0.0002190269999999999
epoch,29,train,0.48379562824451955,0.8162308931350708,0.84794020652771,0.7678124308586121,0.7235614734608772,0.8178284958240304,0.8152864685177943,0.6198588246191891,33355,7557,4406,19780,0.8681415298720818,0.9045844325982176,0.0002160279999999999
epoch,29,val,0.5137432813644409,0.8208881616592407,0.8629518151283264,0.7415690422058105,0.7188575361321404,0.7657624633431085,0.8487317163488243,0.605437375070062,4584,817,639,2089,0.8268535160576976,0.8926443104649351,0.0002160279999999999
epoch,30,train,0.48227509689272474,0.8192417621612549,0.8505682945251465,0.7712969779968262,0.7277461947551807,0.8203919622922352,0.8185617911615174,0.6258044745848036,33489,7423,4344,19842,0.8693513066058469,0.9054638308624068,0.0002130289999999999
epoch,30,val,0.5280255079269409,0.8215032815933228,0.8651361465454102,0.7361338138580322,0.73042223024179,0.7419354838709677,0.8616922792075542,0.6013244468940427,4654,747,704,2024,0.8230829297708514,0.8896428026524902,0.0002130289999999999
epoch,31,train,0.4797575259677315,0.8201481103897095,0.8514100313186646,0.7722267508506775,0.729240152851264,0.8205986934590259,0.8198816973015253,0.6274579399942054,33543,7369,4339,19847,0.8705080730080266,0.906831230294445,0.00021002999999999988
epoch,31,val,0.6127315759658813,0.7154631614685059,0.7420542240142822,0.6827595829963684,0.5454744685513916,0.9123900293255132,0.6159970375856323,0.5028003216871836,3327,2074,239,2489,0.8209593626316614,0.886050006488426,0.00021002999999999988
epoch,32,train,0.4784764251413158,0.8194107413291931,0.8509105443954468,0.7710345983505249,0.7288460122247589,0.8184073430910445,0.8200039108330074,0.6256196176474712,33548,7364,4392,19794,0.8711819487139298,0.9072258542807711,0.00020703099999999988
epoch,32,val,0.6147328019142151,0.7186616063117981,0.7458041310310364,0.6850296258926392,0.5486432825943084,0.9116568914956011,0.6211812627291242,0.506584486316089,3355,2046,241,2487,0.8219547721074749,0.8868059148924848,0.00020703099999999988
epoch,33,train,0.47700051413414224,0.8215152621269226,0.8529407978057861,0.7730087637901306,0.7327136031998814,0.817993880757463,0.8235969886585843,0.6292601667587819,33695,7217,4402,19784,0.8723930642440993,0.9076344156425429,0.00020403199999999988
epoch,33,val,0.5156581401824951,0.8233485221862793,0.8657190799713135,0.741912305355072,0.7277856135401974,0.7565982404692082,0.8570635067580078,0.6079729592671295,4629,772,664,2064,0.8222822362841863,0.8909002745228564,0.00020403199999999988
epoch,34,train,0.4748973237428384,0.8224983811378479,0.8540279865264893,0.7735956311225891,0.7352053927228036,0.8162159927230629,0.8262123582323034,0.6305988260487505,33802,7110,4445,19741,0.8736172373414148,0.9084898113227623,0.00020103299999999988
epoch,34,val,0.623762309551239,0.6936892867088318,0.7130013704299927,0.6715906262397766,0.5245158632056036,0.9332844574780058,0.5726717274578782,0.4870983323137716,3093,2308,182,2546,0.8226548939177674,0.88777724446597,0.00020103299999999988
epoch,35,train,0.47018212347270816,0.8243878483772278,0.855411946773529,0.776413083076477,0.7366760688836105,0.8206813859257421,0.8265789988267501,0.6350169739052072,33817,7095,4337,19849,0.875921681567145,0.9107200344467323,0.00019803399999999987
epoch,35,val,0.6688331365585327,0.6738836169242859,0.6856397390365601,0.6612140536308289,0.5075534628212675,0.9483137829912024,0.5352712460655434,0.47218284412949474,2891,2510,141,2587,0.8332534876903297,0.8944794965741654,0.00019803399999999987
epoch,36,train,0.47253487474063105,0.8244493007659912,0.8557762503623962,0.7757368683815002,0.738271328253399,0.8172083023236583,0.828729956980837,0.6343241302184747,33905,7007,4421,19765,0.8749452257425725,0.9095994264087335,0.00019503499999999987
epoch,36,val,0.5752797722816467,0.8255627751350403,0.87535160779953,0.7095452547073364,0.8040854224698236,0.6348973607038123,0.9218663210516571,0.5957147664220388,4979,422,996,1732,0.8190167405991681,0.8888257089351869,0.00019503499999999987
epoch,37,train,0.4693038342113284,0.8258779048919678,0.8567565083503723,0.7780280113220215,0.7390527921425648,0.8213429256594724,0.8285588580367619,0.6378358054877515,33898,7014,4321,19865,0.8764475099604674,0.9109926298439084,0.00019203599999999987
epoch,37,val,0.5106690526008606,0.8158445358276367,0.8569244146347046,0.7416738271713257,0.7006847081838931,0.7877565982404692,0.8300314756526569,0.6018397015234161,4483,918,579,2149,0.8274911351538681,0.8928868798598717,0.00019203599999999987
epoch,38,train,0.4702323484479356,0.8249562382698059,0.8560855984687805,0.7766430974006653,0.738362342067012,0.8191102290581328,0.8284122017989832,0.6356697709717456,33892,7020,4375,19811,0.8756600373859567,0.9105684635938573,0.00018903699999999986
epoch,38,val,0.5117208957672119,0.7962849140167236,0.8350926041603088,0.7335907220840454,0.6536697247706422,0.8357771260997068,0.776337715237919,0.5839802488511799,4193,1208,448,2280,0.8345414734702057,0.8967942221517575,0.00018903699999999986
epoch,39,train,0.4662403169808868,0.8248794078826904,0.8555682301521301,0.7776303887367249,0.7360782865583456,0.824154469527826,0.8253079780993352,0.6367111589668955,33765,7147,4253,19933,0.8776721568072237,0.9120869310983859,0.00018603799999999986
epoch,39,val,0.5070400238037109,0.8122770190238953,0.8525033593177795,0.7418808937072754,0.6887562814070352,0.8038856304985337,0.8165154600999814,0.6001532285112883,4410,991,535,2193,0.8363890956569894,0.896810477151782,0.00018603799999999986
epoch,40,train,0.46518799865421556,0.8279824256896973,0.8587680459022522,0.780034601688385,0.7430207319811392,0.820929463325891,0.8321519358623387,0.6415202379879271,34045,6867,4331,19855,0.8785360021519429,0.912684874419184,0.00018303899999999986
epoch,40,val,0.5032917261123657,0.8047730326652527,0.8449135422706604,0.7365975379943848,0.673036093418259,0.8134164222873901,0.8004073319755601,0.590309845079365,4323,1078,509,2219,0.8392772903870005,0.8967709086131004,0.00018303899999999986
epoch,41,train,0.4659239997954568,0.8278288245201111,0.8583346009254456,0.7805795073509216,0.741280583029672,0.8242785082279004,0.8299276495893625,0.6420071854859654,33954,6958,4250,19936,0.8786085882892142,0.9126161819859717,0.00018003999999999986
epoch,41,val,0.5027319192886353,0.8253167867660522,0.8670910000801086,0.7452457547187805,0.7297962052002811,0.7613636363636364,0.8576189594519533,0.6127452543539439,4632,769,651,2077,0.835532175434912,0.8979255226440634,0.00018003999999999986
epoch,42,train,0.46185124874554334,0.8287044167518616,0.8594724535942078,0.7806863784790039,0.7444765370043888,0.8205986934590259,0.8334962847086429,0.642747249258428,34100,6812,4339,19847,0.8806763369873918,0.9140190084861164,0.00017704099999999985
epoch,42,val,0.5025895833969116,0.8160905241966248,0.8563466668128967,0.7444881200790405,0.6974063400576369,0.7983870967741935,0.8250324014071468,0.6052129860551066,4456,945,550,2178,0.8358622959520609,0.8984816540436468,0.00017704099999999985
epoch,43,train,0.46136331623397236,0.8276752233505249,0.8584336638450623,0.7798406481742859,0.7422295277943813,0.8214669643595468,0.8313453265545562,0.6410890081849251,34012,6900,4318,19868,0.8805845530140798,0.9139773095485286,0.00017404199999999985
epoch,43,val,0.5149445533752441,0.8329437971115112,0.8758456707000732,0.7447368502616882,0.7642746913580247,0.7261730205278593,0.8868728013330864,0.6211513710624382,4790,611,747,1981,0.8286033676806792,0.8936192371783003,0.00017404199999999985
epoch,44,train,0.4595940652584854,0.8295953869819641,0.8599032759666443,0.7825541496276855,0.7440083491744008,0.8253121640618539,0.8321274931560423,0.6454126561494189,34044,6868,4225,19961,0.8813967634198399,0.9147593442649089,0.00017104299999999985
epoch,44,val,0.5176827907562256,0.8381104469299316,0.8812059760093689,0.745945930480957,0.7879282218597063,0.7082111436950147,0.9037215330494353,0.6295688567898644,4881,520,796,1932,0.831298090684222,0.8952894638822723,0.00017104299999999985
epoch,45,train,0.45826469458438257,0.8311315178871155,0.8613133430480957,0.7841589450836182,0.7466442325668349,0.8256429339287191,0.8343762221353148,0.6482506318356451,34136,6776,4217,19969,0.8823621388722594,0.9154053811823574,0.00016804399999999984
epoch,45,val,0.5424191355705261,0.7570427060127258,0.7902728915214539,0.7112995386123657,0.5915390226112327,0.8918621700879765,0.6889464913904833,0.5485499112045142,3721,1680,295,2433,0.8361731270967157,0.8952281088926184,0.00016804399999999984
epoch,46,train,0.4553137290756005,0.8303941488265991,0.8607393503189087,0.7831398844718933,0.7459123732555094,0.8242785082279004,0.8340095815408682,0.6466163943573707,34121,6791,4250,19936,0.8839354202471242,0.9162514883107875,0.00016504499999999984
epoch,46,val,0.539393961429596,0.8324517011642456,0.8794050216674805,0.7256245017051697,0.8054561717352415,0.6601906158357771,0.919459359377893,0.612944246900501,4966,435,927,1801,0.8231589056881814,0.8929352037012804,0.00016504499999999984
epoch,47,train,0.45537417103383115,0.8311008214950562,0.8612565994262695,0.7841959595680237,0.7464409819526959,0.8259737037955842,0.8341317950723504,0.6482695150482558,34126,6786,4209,19977,0.8836348633712157,0.9163421100536803,0.00016204599999999984
epoch,47,val,0.6071527600288391,0.7253044843673706,0.7524664402008057,0.6914467215538025,0.5548902195608783,0.9171554252199413,0.6284021477504166,0.5183289397341634,3394,2007,226,2502,0.8247931345328168,0.8923997388883671,0.00016204599999999984
epoch,48,train,0.4547135249182985,0.8314540982246399,0.8611947298049927,0.7854936718940735,0.7450304109182614,0.830604481931696,0.8319563942119671,0.6499573012171757,34037,6875,4097,20089,0.8840938046764784,0.9166919815327057,0.00015904699999999983
epoch,48,val,0.5483927726745605,0.7716816067695618,0.8072289228439331,0.7200603485107422,0.6117375704766786,0.875,0.7194963895574894,0.5618866796572629,3886,1515,341,2387,0.8288324330228657,0.8945095632339184,0.00015904699999999983
epoch,49,train,0.4542705792613346,0.8318688869476318,0.861838698387146,0.785295307636261,0.7471165689970513,0.8275862068965517,0.8344006648416112,0.6500147674720345,34137,6775,4170,20016,0.8843410975563628,0.9169961636654023,0.00015604799999999983
epoch,49,val,0.5297175049781799,0.7891499400138855,0.8266234993934631,0.7310106754302979,0.639132821075741,0.8537390029325513,0.7565265691538604,0.5794390149265762,4086,1315,399,2329,0.83644775995081,0.8971183719643534,0.00015604799999999983
epoch,50,train,0.45099692056893714,0.8321760892868042,0.8624557852745056,0.7848011255264282,0.749445092359204,0.8236583147275284,0.837211576065702,0.6496978969627056,34252,6660,4265,19921,0.8859793530828988,0.9179966754079103,0.00015304899999999986
epoch,50,val,0.524978518486023,0.7992373108863831,0.8382236361503601,0.7354943156242371,0.6592097617664149,0.8317448680351907,0.7828179966672838,0.5873171411157375,4228,1173,459,2269,0.8349599118970975,0.8952399183707156,0.00015304899999999986
epoch,51,train,0.45093032822415635,0.8343881368637085,0.8644121289253235,0.7872856855392456,0.7529531645091897,0.8248987017282725,0.8399980445834963,0.6539792315403904,34366,6546,4235,19951,0.8863788930099257,0.9182691838922965,0.00015004999999999985
epoch,51,val,0.5059018731117249,0.8299914002418518,0.871465802192688,0.7490010857582092,0.7422606191504679,0.7558651026392962,0.8674319570449917,0.6205413892193148,4685,716,666,2062,0.836831356393142,0.8967604904815606,0.00015004999999999985
epoch,52,train,0.4483345370986831,0.8341730833053589,0.8639039993286133,0.7878215909004211,0.7508523472331498,0.8286198627305053,0.8374560031286664,0.6544002585749021,34262,6650,4145,20041,0.8872791717459966,0.9192829392238504,0.00014705099999999985
epoch,52,val,0.5057686567306519,0.8155984878540039,0.8555737733840942,0.7450246810913086,0.6950174547762615,0.8027859237536656,0.8220699870394371,0.6056022865917234,4440,961,538,2190,0.8414035585637101,0.8981499027279081,0.00014705099999999985
epoch,53,train,0.4509409531035646,0.8324833512306213,0.8626072406768799,0.78544020652771,0.7492773752768497,0.8252708178284959,0.8367471646460696,0.6506077215210169,34233,6679,4226,19960,0.8864162970656488,0.918109928331794,0.00014405199999999985
epoch,53,val,0.5156981348991394,0.8323286771774292,0.8744588494300842,0.7476392984390259,0.755331088664422,0.7401026392961877,0.8789113127198667,0.6221900321371664,4747,654,709,2019,0.8306470460549942,0.8938281767088858,0.00014405199999999985
epoch,54,train,0.44631870080710045,0.8357706665992737,0.8655000329017639,0.7891695499420166,0.7544018399125287,0.8272967832630448,0.8407802111849824,0.6570064096215469,34398,6514,4177,20009,0.8885744683708848,0.9198666025711115,0.00014105299999999984
epoch,54,val,0.5024996995925903,0.8080945014953613,0.8478938937187195,0.7400866150856018,0.6783750763591937,0.8141495601173021,0.8050361044251064,0.5961371814978205,4348,1053,507,2221,0.8365349667853903,0.8975747675704673,0.00014105299999999984
epoch,55,train,0.443285143931902,0.8374757766723633,0.8670954704284668,0.7908677458763123,0.7576503560066656,0.8271313983296121,0.8435911224090731,0.6600754686467419,34513,6399,4181,20005,0.8901888261917876,0.9210657742129897,0.00013805399999999984
epoch,55,val,0.5082703232765198,0.8146143555641174,0.8546348810195923,0.7441860437393188,0.6930129623774898,0.8035190615835777,0.8202184780596186,0.6040991169809138,4430,971,536,2192,0.8337938303182848,0.8958199402087481,0.00013805399999999984
epoch,56,train,0.44388663207869566,0.8345571160316467,0.8640185594558716,0.7887986898422241,0.7502238137869293,0.8315554452989332,0.8363316386390302,0.6557458245083176,34216,6696,4074,20112,0.8898104976363073,0.9208050464541183,0.00013505499999999984
epoch,56,val,0.5089686512947083,0.8021897077560425,0.8405394554138184,0.7395529747009277,0.6625072547881602,0.8368768328445748,0.7846695056471024,0.5938996489515833,4238,1163,445,2283,0.8371327664680324,0.8971404977681443,0.00013505499999999984
epoch,57,train,0.441838255502668,0.8367538452148438,0.866274893283844,0.7905060648918152,0.755434987378019,0.8289919788307285,0.8413423934298006,0.65915660748076,34421,6491,4136,20050,0.8906309505914627,0.9213872206618883,0.00013205599999999983
epoch,57,val,0.5389018654823303,0.770082414150238,0.8054138422012329,0.7190741300582886,0.6094267515923567,0.8768328445747801,0.7161636733938159,0.5603511023568091,3868,1533,336,2392,0.8393373986313362,0.8976015764431591,0.00013205599999999983
epoch,58,train,0.44210523724995315,0.8367077112197876,0.8659824728965759,0.7910688519477844,0.7539337629252211,0.832051600099231,0.8394603050449746,0.6597372401254451,34344,6568,4062,20124,0.8905069670680684,0.921548469658187,0.00012905699999999983
epoch,58,val,0.5567016005516052,0.7515069246292114,0.7827489972114563,0.709770143032074,0.583648393194707,0.905425219941349,0.6737641177559711,0.5474466437315164,3639,1762,258,2470,0.8296663840903025,0.8947444632551482,0.00012905699999999983
epoch,59,train,0.43895188042074806,0.8380749225616455,0.8669720888137817,0.7931393384933472,0.75484666243323,0.8355246837013148,0.8395825185764568,0.6629723414455947,34349,6563,3978,20208,0.8922284365829354,0.9226874142736705,0.00012605799999999986
epoch,59,val,0.5107179284095764,0.7917333245277405,0.8296266198158264,0.7321626543998718,0.6440300584469802,0.8482404692082112,0.7631920014812071,0.5813566420773375,4122,1279,414,2314,0.8452495033025165,0.9000336841608021,0.00012605799999999986
epoch,60,train,0.43977949513117864,0.8373682498931885,0.866784930229187,0.7912781238555908,0.7562271545389456,0.829736211031175,0.8418801329683222,0.6604327173090399,34443,6469,4118,20068,0.8921488197697353,0.9225079818078838,0.00012305899999999985
epoch,60,val,0.5006566643714905,0.8064952492713928,0.8453142046928406,0.7416653037071228,0.6718238619458494,0.8277126099706745,0.7957785595260137,0.5978430694049648,4298,1103,470,2258,0.8454769225942405,0.9011303027950185,0.00012305899999999985
epoch,61,train,0.43755889105855394,0.8374911546707153,0.8665834069252014,0.7921733260154724,0.754650596998166,0.8336227569668403,0.8397780602268283,0.6614987540423688,34357,6555,4024,20162,0.8926582993529221,0.9231734346383964,0.00012005999999999985
epoch,61,val,0.5086177587509155,0.8056341409683228,0.8451284170150757,0.7391017079353333,0.6724759615384616,0.8203812316715543,0.7981855211997778,0.5940025828504307,4311,1090,490,2238,0.8355520399679388,0.8957944208767682,0.00012005999999999985
epoch,62,train,0.436596308710827,0.8386432528495789,0.8677710890769958,0.7930572628974915,0.7574514526569321,0.8321756387993053,0.8424667579194368,0.6632724028846229,34467,6445,4059,20127,0.8934662103603694,0.9233799171941829,0.00011706099999999986
epoch,62,val,0.5343931317329407,0.7704514861106873,0.8050971627235413,0.7208258509635925,0.608948432760364,0.8830645161290323,0.71357156082207,0.5636590031368154,3854,1547,319,2409,0.8443381615216137,0.9002847373762108,0.00011706099999999986
epoch,63,train,0.43587653188066927,0.8387661576271057,0.8677019476890564,0.7936295866966248,0.7566169303441553,0.8344496816340031,0.8413179507235041,0.6639867387464581,34420,6492,4004,20182,0.8935491850328506,0.9236747329578247,0.00011406199999999987
epoch,63,val,0.5187088251113892,0.8003444671630859,0.8392273187637329,0.7366542220115662,0.660844250363901,0.8321114369501467,0.7842992038511387,0.5892430725487701,4236,1165,458,2270,0.830282693721673,0.8949118320654208,0.00011406199999999987
epoch,64,train,0.4332288155904273,0.8414236903190613,0.8701427578926086,0.7963945269584656,0.7614180652460871,0.8347391052675102,0.8453754399687133,0.6688760263325836,34586,6326,3997,20189,0.895283001035786,0.9247499528124186,0.00011106299999999987
epoch,64,val,0.526336669921875,0.787304699420929,0.824127733707428,0.7309786677360535,0.635036496350365,0.8610703812316716,0.7500462877244954,0.5794812291753806,4051,1350,379,2349,0.8402704011226094,0.8993408614457732,0.00011106299999999987
epoch,65,train,0.43378379249748494,0.840440571308136,0.8693869709968567,0.7950109243392944,0.7605059467623183,0.8327958322996775,0.8449599139616738,0.6666744738436422,34569,6343,4044,20142,0.8947308742525167,0.9245659412553299,0.00010806399999999988
epoch,65,val,0.5442103743553162,0.7617173194885254,0.7952215075492859,0.7151051759719849,0.597150577253746,0.8911290322580645,0.6963525273097575,0.5548133955020805,3761,1640,297,2431,0.8303273668695558,0.8962318127250248,0.00010806399999999988
epoch,66,train,0.43284070237702177,0.8408706784248352,0.8698372840881348,0.7953211665153503,0.7616272469252602,0.8321342925659473,0.8460353930387172,0.6673202792108383,34613,6299,4060,20126,0.8954506639023111,0.9248295229876811,0.00010506499999999989
epoch,66,val,0.5470632910728455,0.7726657390594482,0.8072590827941895,0.7229385375976562,0.6116184677828513,0.8837976539589443,0.7165339751897797,0.5672058566354062,3870,1531,317,2411,0.8363716464818787,0.8972542148977517,0.00010506499999999989
epoch,67,train,0.43224802913478316,0.8411932587623596,0.8700538277626038,0.7958530783653259,0.7617373554093899,0.8331679483999007,0.8459376222135315,0.6681253671806172,34609,6303,4035,20151,0.8958679415872088,0.9250928601514834,0.0001020659999999999
epoch,67,val,0.5189722776412964,0.7839832901954651,0.8202661275863647,0.729346513748169,0.6292553191489362,0.8673020527859238,0.7418996482132938,0.576946355229155,4007,1394,362,2366,0.8325150367491256,0.895910140188007,0.0001020659999999999
epoch,68,train,0.43106046695381184,0.8410089612007141,0.8698047995567322,0.7958579659461975,0.76091875990043,0.8341602580004962,0.8450576847868596,0.6679981800547092,34573,6339,4011,20175,0.8964273088644298,0.9255268556317273,9.906699999999991e-05
epoch,68,val,0.5420162081718445,0.8372493386268616,0.8808215260505676,0.7434554696083069,0.7892136681762042,0.7027126099706745,0.9052027402332902,0.6271207864843975,4889,512,811,1917,0.8365698217011167,0.8990791525518518,9.906699999999991e-05
epoch,69,train,0.42873568627846037,0.8411779403686523,0.8701179623603821,0.79564368724823,0.7621842693225281,0.8321756387993053,0.8464998044583496,0.6678900981659729,34632,6280,4059,20127,0.8972784780746135,0.9261936636953971,9.606799999999991e-05
epoch,69,val,0.5554015636444092,0.758764922618866,0.7922009229660034,0.7125055193901062,0.593696555094063,0.8907624633431085,0.6920940566561747,0.5504583696516971,3738,1663,298,2430,0.8285366169466944,0.8948819350820773,9.606799999999991e-05
epoch,70,train,0.4286013253197916,0.8425757884979248,0.8713629245758057,0.7971897721290588,0.7645384148193137,0.8327544860663194,0.8483818928431756,0.670567235326738,34709,6203,4045,20141,0.8972656616795377,0.9264049052317489,9.30689999999999e-05
epoch,70,val,0.5444198846817017,0.7693443298339844,0.8043001890182495,0.7191852331161499,0.6080020258293238,0.8801319648093842,0.7133864099240881,0.5607402522875792,3853,1548,327,2401,0.8407800813185121,0.8991329060383626,9.30689999999999e-05
epoch,71,train,0.42557672079130826,0.8432517051696777,0.8717542886734009,0.7984594106674194,0.7643699894115867,0.8357314148681055,0.8476974970668752,0.6724189304861207,34681,6231,3973,20213,0.8988323718851782,0.927358071737154,9.00699999999999e-05
epoch,71,val,0.5065299868583679,0.8050190806388855,0.8441341519355774,0.7396945357322693,0.6700386789645939,0.8255131964809385,0.7946676541381226,0.5946689246931681,4292,1109,476,2252,0.8428041967749846,0.8993716407464458,9.00699999999999e-05
final,,train,0.45093032822415635,0.8343881368637085,0.8644121289253235,0.7872856855392456,0.7529531645091897,0.8248987017282725,0.8399980445834963,0.6539792315403904,34366,6546,4235,19951,0.8863788930099257,0.9182691838922965,8.70709999999999e-05
final,,val,0.5059018731117249,0.8299914002418518,0.871465802192688,0.7490010857582092,0.7422606191504679,0.7558651026392962,0.8674319570449917,0.6205413892193148,4685,716,666,2062,0.836831356393142,0.8967604904815606,8.70709999999999e-05
final,,test,0.5632622241973877,0.7893638014793396,0.8290299773216248,0.7257316708564758,0.6590182979959338,0.8074733096085409,0.7798199549887472,0.5651737944456844,4158,1174,541,2269,0.8001052472235219,0.8758069521828855,8.70709999999999e-05
